{"cameraMode":{"drawMode":0,"name":"Shaded","section":"Shading Mode"},"sceneLighting":true,"audioPlay":false,"sceneViewState":{"showFog":true,"showMaterialUpdate":false,"showSkybox":true,"showFlares":true,"showImageEffects":true,"showParticleSystems":true},"in2DMode":false,"pivot":{"x":0.000011444091796875,"y":-2.299999713897705,"z":-0.0000152587890625},"rotation":{"x":-0.500991940498352,"y":-0.02569209225475788,"z":0.014878984540700913,"w":-0.8649424910545349},"size":116.4494857788086,"orthographic":true}