{"cameraMode":{"drawMode":0,"name":"Shaded","section":"Shading Mode"},"sceneLighting":true,"audioPlay":false,"sceneViewState":{"showFog":true,"showMaterialUpdate":false,"showSkybox":true,"showFlares":true,"showImageEffects":true,"showParticleSystems":true},"in2DMode":false,"pivot":{"x":-32.459999084472659,"y":3.308576822280884,"z":33.189998626708987},"rotation":{"x":-0.09954483807086945,"y":0.8979430198669434,"z":-0.33645081520080569,"w":-0.2656880021095276},"size":21.257221221923829,"orthographic":true}