{"cameraMode":{"drawMode":0,"name":"Shaded","section":"Shading Mode"},"sceneLighting":false,"audioPlay":false,"sceneViewState":{"showFog":true,"showMaterialUpdate":false,"showSkybox":false,"showFlares":true,"showImageEffects":true,"showParticleSystems":true},"in2DMode":false,"pivot":{"x":-7.140000343322754,"y":2.0470447540283205,"z":0.0000095367431640625},"rotation":{"x":-0.35342293977737429,"y":-0.09015271067619324,"z":0.03425024449825287,"w":-0.9304792284965515},"size":53.578006744384769,"orthographic":true}