{"cameraMode":{"drawMode":0,"name":"Shaded","section":"Shading Mode"},"sceneLighting":true,"audioPlay":false,"sceneViewState":{"showFog":true,"showMaterialUpdate":false,"showSkybox":true,"showFlares":true,"showImageEffects":true,"showParticleSystems":true},"in2DMode":false,"pivot":{"x":13.687922477722168,"y":32.21444320678711,"z":16.81241798400879},"rotation":{"x":-0.16779567301273347,"y":0.7643847465515137,"z":-0.22018365561962129,"w":-0.5823054909706116},"size":88.11864471435547,"orthographic":true}