{"cameraMode":{"drawMode":0,"name":"Shaded","section":"Shading Mode"},"sceneLighting":false,"audioPlay":false,"sceneViewState":{"showFog":true,"showMaterialUpdate":false,"showSkybox":false,"showFlares":true,"showImageEffects":true,"showParticleSystems":true},"in2DMode":false,"pivot":{"x":2.1599652767181398,"y":2.2785768508911135,"z":-5.572268962860107},"rotation":{"x":-0.20538397133350373,"y":-0.03611169755458832,"z":0.007583769503980875,"w":-0.9779856204986572},"size":11.808560371398926,"orthographic":true}