{"cameraMode":{"drawMode":0,"name":"Shaded","section":"Shading Mode"},"sceneLighting":false,"audioPlay":false,"sceneViewState":{"showFog":true,"showMaterialUpdate":false,"showSkybox":false,"showFlares":true,"showImageEffects":true,"showParticleSystems":true},"in2DMode":false,"pivot":{"x":-1.3600348234176636,"y":2.2785768508911135,"z":-0.0522693395614624},"rotation":{"x":-0.1729971021413803,"y":0.6902117133140564,"z":-0.17550471425056458,"w":-0.6803513169288635},"size":11.80855941772461,"orthographic":true}