{"cameraMode":{"drawMode":0,"name":"Shaded","section":"Shading Mode"},"sceneLighting":true,"audioPlay":false,"sceneViewState":{"showFog":true,"showMaterialUpdate":false,"showSkybox":true,"showFlares":true,"showImageEffects":true,"showParticleSystems":true},"in2DMode":false,"pivot":{"x":8.214134216308594,"y":4.720512866973877,"z":42.950050354003909},"rotation":{"x":-0.1412414163351059,"y":-0.5875993967056274,"z":0.1051386371254921,"w":-0.7897617816925049},"size":57.721763610839847,"orthographic":true}