{"cameraMode":{"drawMode":0,"name":"Shaded","section":"Shading Mode"},"sceneLighting":true,"audioPlay":false,"sceneViewState":{"showFog":true,"showMaterialUpdate":false,"showSkybox":true,"showFlares":true,"showImageEffects":true,"showParticleSystems":true},"in2DMode":false,"pivot":{"x":-32.459999084472659,"y":3.308576822280884,"z":33.189998626708987},"rotation":{"x":0.009658507071435452,"y":0.8441844582557678,"z":-0.5357503294944763,"w":0.01519953366369009},"size":11.600095748901368,"orthographic":true}