{"cameraMode":{"drawMode":0,"name":"Shaded","section":"Shading Mode"},"sceneLighting":true,"audioPlay":false,"sceneViewState":{"showFog":true,"showMaterialUpdate":false,"showSkybox":true,"showFlares":true,"showImageEffects":true,"showParticleSystems":true},"in2DMode":false,"pivot":{"x":-18.67609405517578,"y":2.7790637016296388,"z":-16.371353149414064},"rotation":{"x":0.20811821520328523,"y":0.055714335292577746,"z":-0.011891952715814114,"w":0.9764432311058044},"size":49.376277923583987,"orthographic":true}