{"cameraMode":{"drawMode":0,"name":"Shaded","section":"Shading Mode"},"sceneLighting":false,"audioPlay":false,"sceneViewState":{"showFog":true,"showMaterialUpdate":false,"showSkybox":false,"showFlares":true,"showImageEffects":true,"showParticleSystems":true},"in2DMode":false,"pivot":{"x":8.222999572753907,"y":7.349999904632568,"z":-2.2179999351501467},"rotation":{"x":0.3012326657772064,"y":0.009716212749481202,"z":-0.003053276799619198,"w":0.9534962773323059},"size":4.593013286590576,"orthographic":true}