{"cameraMode":{"drawMode":0,"name":"Shaded","section":"Shading Mode"},"sceneLighting":false,"audioPlay":false,"sceneViewState":{"showFog":true,"showMaterialUpdate":false,"showSkybox":false,"showFlares":true,"showImageEffects":true,"showParticleSystems":true},"in2DMode":false,"pivot":{"x":1.1920928955078126e-7,"y":0.7467383742332459,"z":-0.003990501165390015},"rotation":{"x":-0.15918101370334626,"y":-0.8326356410980225,"z":0.43347495794296267,"w":-0.30574288964271548},"size":4.1416544914245609,"orthographic":true}