{"cameraMode":{"drawMode":0,"name":"Shaded","section":"Shading Mode"},"sceneLighting":true,"audioPlay":false,"sceneViewState":{"showFog":true,"showMaterialUpdate":false,"showSkybox":true,"showFlares":true,"showImageEffects":true,"showParticleSystems":true},"in2DMode":false,"pivot":{"x":2.8945016860961916,"y":2.19077730178833,"z":13.379964828491211},"rotation":{"x":-0.21434900164604188,"y":-0.7797359824180603,"z":0.35807183384895327,"w":-0.4667450487613678},"size":38.802730560302737,"orthographic":true}