{"cameraMode":{"drawMode":0,"name":"Shaded","section":"Shading Mode"},"sceneLighting":true,"audioPlay":false,"sceneViewState":{"showFog":true,"showMaterialUpdate":false,"showSkybox":true,"showFlares":true,"showImageEffects":true,"showParticleSystems":true},"in2DMode":false,"pivot":{"x":-54.89653015136719,"y":2.858130931854248,"z":-46.92877960205078},"rotation":{"x":-0.27445942163467409,"y":0.6678441166877747,"z":-0.2922222912311554,"w":-0.6271063089370728},"size":108.47188568115235,"orthographic":true}