{"cameraMode":{"drawMode":0,"name":"Shaded","section":"Shading Mode"},"sceneLighting":true,"audioPlay":false,"sceneViewState":{"showFog":true,"showMaterialUpdate":false,"showSkybox":true,"showFlares":true,"showImageEffects":true,"showParticleSystems":true},"in2DMode":false,"pivot":{"x":11.29996395111084,"y":2.4105842113494875,"z":12.513717651367188},"rotation":{"x":-0.2889423966407776,"y":0.6919595003128052,"z":-0.3602091372013092,"w":-0.5549358129501343},"size":75.71190643310547,"orthographic":true}