{"cameraMode":{"drawMode":0,"name":"Shaded","section":"Shading Mode"},"sceneLighting":false,"audioPlay":false,"sceneViewState":{"showFog":true,"showMaterialUpdate":false,"showSkybox":false,"showFlares":true,"showImageEffects":true,"showParticleSystems":true},"in2DMode":false,"pivot":{"x":2.9533181190490724,"y":1.2200138568878174,"z":30.32767105102539},"rotation":{"x":-0.4526810050010681,"y":0.36339154839515688,"z":-0.20903819799423219,"w":-0.7869749069213867},"size":11.460172653198243,"orthographic":true}