{"cameraMode":{"drawMode":0,"name":"Shaded","section":"Shading Mode"},"sceneLighting":true,"audioPlay":false,"sceneViewState":{"showFog":true,"showMaterialUpdate":false,"showSkybox":true,"showFlares":true,"showImageEffects":true,"showParticleSystems":true},"in2DMode":false,"pivot":{"x":-2.6215686798095705,"y":4.672495365142822,"z":-1.3842626810073853},"rotation":{"x":0.004807216115295887,"y":0.9492818117141724,"z":-0.3140544593334198,"w":0.014519976451992989},"size":67.85264587402344,"orthographic":true}